,0,1,Y
0,0.048570672327773234,1.3381251597838368,1
1,1.0335052755020593,-0.6707414402845412,1
2,-1.774624752770773,-2.007025508215146,-1
3,1.0965049722392477,-1.0767362722599687,1
4,0.4011517290546197,0.33078256754704216,1
5,-3.344971886642219,0.8887651263272142,-1
6,-1.1686360488594194,1.924736964813801,-1
7,1.0216255514127095,-2.7488848085637723,1
8,-0.9378179231271335,1.0086851585997496,-1
9,-1.122746578844304,1.0179700157146852,-1
10,1.0480734806596974,-0.9297693902201931,1
11,-1.2834432348465796,-0.1622237819439416,-1
12,0.3966065915156143,0.6013724130812197,-1
13,0.05474481836561407,-1.8708173775759585,-1
14,1.0580510885219967,-1.6354194784748677,1
15,-0.03906455457385949,0.3713421444959065,1
16,2.4791005390996204,1.4114033300992772,1
17,-2.405318353164491,2.8841638001495573,-1
18,0.024526449171528575,-0.24464423738761099,1
19,-0.7800742803592947,-0.5828352521133884,-1
20,-0.5304004814593171,1.8598412770801294,-1
21,-0.64929268061214,-1.4867022233598643,-1
22,0.6497887977526604,-0.10255667567845173,-1
23,0.8909142539933605,-1.049714120915336,1
24,-0.3759696381183897,1.328341136001583,-1
25,-1.9198393928495434,-0.26745174825397533,-1
26,1.4247933973440998,1.8024206674061336,1
27,0.967543526954985,-0.6736369473970937,1
28,0.9486720974534028,0.8799317961821367,1
29,0.596802729541643,2.8359939311543654,1
30,1.1175073699597302,-2.2194215516356044,1
31,-0.6642772447602943,0.29010993078415037,1
32,2.301696450693942,0.7918383088319254,1
33,3.1471534044933396,1.2651047995734517,1
34,-1.8262670836961759,-1.3262117637340154,-1
35,-0.19830042316670293,1.2326305350671545,1
36,-2.1889231876656092,2.827959189346821,-1
37,-3.9110647719181073,0.8241710692009963,-1
38,0.90915283960912,1.6333954893804372,1
39,-0.257741892393307,-0.504301739217794,-1
40,1.1480583060311074,0.3762480082027121,1
41,-1.7944471970939468,0.20993575200640546,-1
42,0.9264593304896834,0.692054533935804,1
43,-0.9474864247582456,0.8944321499061056,-1
44,0.9465488430003706,-0.9529473088322901,1
45,-0.5816215116590515,1.1840679711130135,-1
46,-1.2086826339276744,-0.6872988999014176,-1
47,1.0348209842719653,-1.4799437490729184,1
48,-1.4955152040829307,-2.076214729514632,-1
49,-2.8113999114501604,1.573801862117444,-1
50,-0.6988481720187223,1.0353704519178308,-1
51,-0.17496172061470494,-1.194223074643099,-1
52,0.9513240713670899,-2.675163273799414,1
53,-2.4894017204024568,0.4661897871973074,-1
54,-2.180662433808837,-2.2793337898790758,-1
55,0.3472861031451512,0.7638253340683688,1
56,2.368345060336531,-0.750468662090829,1
57,1.0649787653818978,-1.2266369209059174,1
58,2.2862011502405837,2.415808980200504,1
59,1.1159588885199732,1.3279086928398667,1
60,2.5447499523651533,1.2645492634322122,1
61,0.951068814737297,1.0219641979756742,1
62,0.3831242139544544,1.9498319799121338,1
63,0.8754654269572169,1.6301173977095467,1
64,-0.5234139791744996,0.6408248151021745,1
65,-1.8175602117322471,-0.04974701736818998,-1
66,-0.5952534993097804,1.6975134718164466,-1
67,0.9314064013324934,-1.1264270814423774,1
68,-0.8665862503581884,-1.7256746439897817,-1
69,-0.870198704425661,-1.2815108363991752,-1
70,1.0528920194506037,-0.15752055220898742,1
71,0.9835942831695905,-0.6795625852973894,1
72,1.0341314989520127,-1.315785032373954,1
73,-0.3861941422818962,1.143974479943424,-1
74,0.3864775617165026,1.5487635925791956,-1
75,-0.998531025890666,-1.0695323734932447,-1
76,0.9798345810723239,2.2295476660726097,1
77,0.8949159426672927,2.190593144931607,1
78,2.148568811001562,1.8125635065230017,1
79,1.080516796258038,-2.1202885690796958,1
80,1.0431377312385919,-0.5478754681644316,1
81,1.0229724218647043,-1.1640289833666928,1
82,1.0093225283229148,-0.0016263366496864773,1
83,-0.2940713483868157,-1.013935503109831,-1
84,1.0391179647454045,-0.6903531812132748,1
85,-0.695897776487288,-0.6419401020350838,-1
86,-0.7339780226730609,0.7927834718034603,-1
87,-0.7970922123783428,-0.2056532197413734,-1
88,-2.5457731403554624,1.1087454130763388,-1
89,1.118892080616236,-2.0876550011083506,1
90,1.0519206028004766,-1.196231245185977,1
91,-0.6323653534463504,-1.585445987616081,-1
92,-3.4880478877244703,1.5528975314691982,-1
93,1.1230802384001783,2.178075744946259,1
94,-1.0520363590069532,1.3009520752206511,-1
95,0.9513098584054834,0.7437448981278421,1
96,0.2684085011650694,-0.6055946213154376,-1
97,-0.3825337354163413,-1.5762778310044132,-1
98,-1.3525554906520572,0.775792604712183,-1
99,-1.022554117344804,0.0755508830293743,-1
100,-0.2387122215919255,-0.614021500108932,-1
101,-0.9278295222385209,-0.7220251352482787,-1
102,0.8546598573724538,0.3476825758792019,1
103,-0.3430917591482935,-1.5550890361704033,-1
104,1.0649955807204943,-2.350840479377314,1
105,-0.2211328805076751,-0.22344007339959848,1
106,1.0908676594985534,0.1020032566366127,1
107,-1.5848713709453213,1.6612894135897627,-1
108,-0.8828493495077859,2.5227015320741466,-1
109,0.608796459234985,1.2200952634715314,1
110,1.080863205958315,-1.9840568264281206,1
111,2.0479800283678182,-0.40688132219989215,1
112,-1.6757692497023347,-0.23586243535348606,-1
113,-2.1289159538489537,2.236707943149268,-1
114,-0.20269468090049647,-2.375586336749893,-1
115,-1.2844657525282872,-0.4785906573971632,-1
116,-1.059692982344188,-1.4244679353278935,-1
117,2.2477479285163664,1.6769323459866932,1
118,0.789728626582705,2.402781157713341,1
119,1.5953144057612216,1.540988010904846,1
120,-0.48402844061944017,-0.9655302721880492,-1
121,-0.9355332505896541,2.0546950941877453,1
122,1.050167091856058,-0.8928126290661467,1
123,1.064520781074546,-2.269854384125485,1
124,1.2239950945192142,-0.8468285380520806,1
125,1.0932463880812586,-1.6809551529483522,1
126,2.8123453474211795,0.06782935270770873,1
127,-0.3713631844114651,1.5038252790972242,1
128,0.9580627803042304,-0.8842035732740733,1
129,-1.774833178975781,0.2867463172590925,-1
130,-1.6565073171879057,-2.476834722414825,-1
131,2.124277841758219,0.47642196544916104,1
132,0.5127893443940928,1.5622142240509982,1
133,-0.9044269370779519,1.451081929601032,-1
134,-0.9508769680775093,-1.7612369472425797,-1
135,1.0307127115246935,-2.074206512054472,1
136,0.536836967540054,-0.28586529598455357,1
137,1.1339425645257946,0.12437320039314625,1
138,1.0140165938252341,-0.34946462656225463,1
139,-0.7083703386647853,-2.4260268842290653,-1
140,0.8810925226655774,0.11421688591993873,1
141,-0.6343642836638697,-2.318727989847845,-1
142,-1.4035104596731602,0.49269957144513954,-1
143,0.8139992912520528,1.1323009344185273,-1
144,0.5334596872497304,-0.8159736722167215,1
145,0.8775289413171352,-0.39991555592307293,1
146,1.012766592723108,-1.1677893732771187,1
147,-0.5148350804626531,0.6987535515382628,-1
148,0.5139612888964523,1.1401489815257067,1
149,2.9429943540947487,-0.009423184581214272,1
150,1.2161993319709687,1.7184050944310238,1
151,1.1930362719966667,1.2328314411693642,1
152,0.15400920967487153,-1.3398382091745982,-1
153,0.9212854120282469,-1.0899722953818611,1
154,-1.3076697677720306,0.8248079502016396,-1
155,1.007782935092425,-1.4479477465077202,1
156,0.13395201776701549,-0.20964696272391325,-1
157,-1.744681218369128,-2.1941258911156365,-1
158,-1.9607513944071908,-0.10795463052243104,-1
159,-0.9863065215125385,0.15342118104299662,-1
160,-1.0714749340367655,-1.4360844008733133,-1
161,-1.6507233858022525,-1.8278943786208233,-1
162,1.0015271153224117,-2.385651838836292,1
163,0.5720324449990073,-0.6821104556141867,-1
164,0.06615928052060349,-0.8966184288535721,-1
165,1.1047988592270075,-1.4066012097273553,1
166,0.5768957989553407,0.24679315147675096,1
167,-0.8350975324974153,0.2729414258720908,-1
168,1.11214818318084,-2.3735922637295253,1
169,-2.0222711834415157,-2.5063576030962977,-1
170,0.988813807124593,0.5845692732795276,1
171,1.7519170548886187,1.2837503810111301,-1
172,1.4271031049046718,1.2912786756479546,1
173,-0.5188641475204254,-2.100211178195813,-1
174,-0.3265098135776342,-1.1206309896597721,-1
175,-1.2115162510598607,0.14577499605073418,-1
176,1.824566428677818,1.719779190525945,1
177,0.9720851066494132,-0.5547607307642679,1
178,1.0607886512276772,-1.750375724954495,1
179,1.0797866164652485,-0.9018041970139931,1
180,1.1116976550227267,-1.9083271688615402,1
181,-0.29865405605882844,-0.37473653434441556,-1
182,0.19359501011079217,1.9542198189679365,-1
183,1.304159800598341,1.6992892879730854,-1
184,0.9429397256555029,-0.4208668255550656,1
185,-0.8860816983700301,0.10611892784817911,-1
186,0.8735672784502214,1.1693280796849868,1
187,-0.7120111036360559,1.1446281504021372,-1
188,-0.7841977268137788,0.4341346504020175,-1
189,1.613273766224304,1.1910142003613038,1
190,0.4610580332139429,1.426392640093241,-1
191,-1.6990910295399697,-1.6691569659132477,-1
192,2.0799009784676077,0.8094175373037934,1
193,1.0028735393908508,-0.8229568545055537,1
194,1.6585527018574884,1.4323251058173165,1
195,-0.10184306965217771,-0.5338170345372326,-1
196,-1.999772080603118,-1.5811802378696118,-1
197,1.0408984846534681,-0.9129981373072616,1
198,-1.03193641297578,-0.5605098254686345,-1
199,0.9777622218381307,-0.2636123195537886,1
200,1.0540024749326529,0.05157870985688118,1
201,-2.117588771793603,-1.1366882144310373,-1
202,-1.075016669860426,-1.5550850946370238,-1
203,1.4514563675511214,1.596104690314992,1
204,1.3799021734170487,2.404372390477185,1
205,2.158769387949084,1.851869884943072,1
206,0.07750947622577675,0.047464356357472925,1
207,1.8873402163546011,0.46259979027703235,1
208,0.9482333234435442,0.9283147586913538,1
209,-0.8584752527899479,0.06427875974589536,-1
210,0.395727913907139,1.4762483679693492,1
211,-1.5672872862698173,-0.4040910100680991,-1
212,-1.5464645159746904,0.587467184086147,-1
213,2.460249188686282,0.6288406571731302,1
214,-1.2590846447060546,0.4694244706898778,-1
215,0.9838247770163998,-1.5483768531787798,1
216,-1.1700590953119985,2.1509449441287862,-1
217,0.5519729987002422,1.7735979400572326,1
218,-0.7511187976955439,-0.4936325661272536,-1
219,0.9688146004745355,-0.8811016449552419,1
220,-0.6583530328968336,-0.8547550390400303,-1
221,-1.6664050627023714,-0.17899464179388547,-1
222,1.1790113230379813,1.545368305496147,1
223,-1.2774460044630596,0.1395386743235666,-1
224,-1.3187894458665883,0.04715636987876137,-1
225,-0.3595226997984379,-1.6250757515969156,-1
226,-1.8532878152741774,-2.7316902789345425,-1
227,-1.1624505222873167,1.8975005316146025,-1
228,-0.9636512250129431,0.7459760046194455,-1
229,0.9556382887778639,-2.444398711643998,1
230,1.0314353717775464,-1.4610822972303703,1
231,0.6984651257314962,0.020057175071984235,-1
232,0.9801201093363672,1.4624179267442554,1
233,0.963561551028879,-0.3326203473093885,1
234,0.8424778068633177,0.5685954134365816,1
235,-0.9680746615043493,-0.5942685548353271,-1
236,1.3677678758553822,2.0764540761383503,1
237,-3.9786953369261635,0.42708938020203024,-1
238,3.5116677237530443,1.4911283133092978,1
239,2.4004950367447395,1.8499051742295172,1
240,1.2322459362042575,0.9528961092273416,1
241,-0.17741044576489984,0.2466832077100437,-1
242,-0.3469173635927014,-0.31533609058756484,-1
243,1.2136365755341836,-4.38313347806454,1
244,1.0355288309947916,-1.710132283855386,1
245,-1.345444550918715,-1.6006023407887922,-1
246,1.1237716907332422,2.9107276026956086,1
247,-1.3739551315741412,-2.5195529871826094,-1
248,-1.6523424781964264,-1.4827076629260738,-1
249,-0.37987804268933545,0.5306710821990641,-1
250,1.0373482132425116,-1.1995902426477931,1
251,-0.5080546535053247,-2.3898174586056413,-1
252,0.9553718938326244,-0.3363508141298903,1
253,-1.0186292770397196,-2.0575200163460226,-1
254,0.0885461421769016,1.205125790774616,-1
255,0.9050851965629213,-2.0243115626445727,1
256,1.1586848577037598,-1.70967527371949,1
257,-2.0451291002030496,-2.0926774613026002,-1
258,-1.183755551807317,-1.2518854187259718,-1
259,-1.2272587004794908,0.5938914257651955,1
260,1.0873585337449199,-1.0430444248125739,1
261,0.8557319170578722,1.2839020819335407,1
262,0.9984925409783587,-0.4597073582906852,1
263,2.2525508920038035,0.4090073923969758,1
264,2.935706980295029,1.3526783919702632,1
265,1.2278211119786209,1.2204110831383368,1
266,2.328642616827224,1.3752243391595438,1
267,1.4520577292485446,-0.3678346053704382,1
268,-1.3753758524351407,-1.841281907527093,-1
269,-0.275528760569107,-1.9338046107739455,-1
270,0.8152280926980524,1.758371135110918,1
271,-0.38414642775313657,-0.3165266082324504,-1
272,-1.4497788133191407,-1.7689495915686853,-1
273,1.2096378970801904,1.8029707813937312,1
274,-1.366706981234611,2.1339638337053883,-1
275,0.6814984687122231,1.7397120283857612,1
276,1.3499779172649529,1.9747302239408864,1
277,0.21389360972555727,-0.060582343499878455,1
278,-0.6743946750293082,-0.7525875604202509,-1
279,-0.93035849012431,2.5092820248859575,-1
280,-1.511186561471576,-0.36694369990895304,-1
281,-0.6040685302478979,1.5303553041600948,-1
282,-0.9834667400719385,-3.1552066992826933,-1
283,2.624072210328176,1.1842634134970529,1
284,0.9261528936882777,1.3165562645200608,1
285,0.9724786080308752,-0.7846348631448682,1
286,-1.2987840773038366,-1.501487419983651,-1
287,1.1083435672366333,-1.8958136283882063,1
288,-0.8976464466322516,-2.099929587730483,-1
289,1.64146616295004,0.7661260999948101,1
290,-1.2179380802053412,2.4425698528722504,-1
291,0.9401441507354399,-1.0822540424866125,1
292,0.32195364137302973,-0.10394119285361336,1
293,-1.1846620443717133,0.47699058873208056,-1
294,-0.17141163278749627,-2.544213904342083,-1
295,-2.236280179619138,0.2094189948404349,-1
296,0.4721060490668417,2.8037863763659,1
297,1.029172310254038,-1.6814994510900005,1
298,-0.703300608589279,-1.7900218723884436,-1
299,-2.5321193868035277,0.1257736990328614,-1
300,0.6033721322627726,0.7821482959588623,1
301,2.4517921419338924,0.7312845013829861,1
302,0.7980436847586918,1.2409101094536754,-1
303,1.0380149176641682,-1.727379529378453,1
304,0.8983503793692066,-1.3009570204556313,1
305,-2.555596594474089,-2.190231790242794,-1
306,-0.2830046922520205,-1.189577605915397,-1
307,-1.6266443752451698,1.1391467906120338,-1
308,1.4093345933764636,1.1729008106587997,1
309,2.013477128267769,0.7297868441037951,1
310,0.23646323643432132,-0.026277047379350993,1
311,-2.7893581911660013,0.15988914887032546,-1
312,0.29102987416163817,-0.6380039872288559,-1
313,-1.1995158793476302,-2.3564256958745897,-1
314,1.0870621451313285,-3.430763529090186,1
315,-1.941114925555323,0.1873215813232857,-1
316,1.0242509203395562,-1.273754696558536,1
317,-2.2062409425204117,-0.961634099005407,-1
318,-0.3110838597389436,-2.202619936822341,-1
319,-0.7268859068714574,0.6009947443509389,-1
320,1.1105997650682193,-2.3300337432099267,1
321,-0.059019486699476875,0.9194605409316862,1
322,-0.020517547675533487,0.2132960996226152,1
323,0.9168780419441613,0.7634071207902982,1
324,-0.06119508275264973,-0.4400289488619886,-1
325,-0.9433208821949793,0.2722570217865712,-1
326,0.6639066312478578,1.030150801009115,1
327,1.3476236489846172,-0.6580832995521677,1
328,-1.3411217346552362,-2.1262687307113177,-1
329,3.34897046405953,1.2023665922065263,1
330,-0.6515416258180309,-2.070450467022224,-1
331,0.41862883503309356,-0.05495412345384265,-1
332,-0.7974903904323477,-0.05124659735970227,-1
333,-2.8779029376289773,-1.128336210283988,-1
334,-1.0306019568917422,1.3768234179830767,-1
335,0.8818946055270855,1.2822612459985816,-1
336,3.6778479801438073,2.0028237690064667,1
337,2.1072905972096194,1.1216318521295903,1
338,-1.1218765896706637,1.6546989414172266,-1
339,0.9786155946215813,-1.521515031306321,1
340,2.7245116486854437,1.1594887954611808,1
341,0.9844258045974483,-1.7166073396060644,1
342,-1.0135750577536888,0.3233757172492149,-1
343,-0.39322128285452396,0.06393695145019351,-1
344,1.2039362454699756,1.0928418285479453,1
345,-1.477146732342259,-1.1136028884665248,-1
346,4.193695922878954,2.419760613202073,1
347,0.548309154643682,0.717237236208802,1
348,1.029314971099117,-1.387355136792377,1
349,0.5205670329576222,1.0715150032008232,-1
350,0.9384576212888411,1.1407398816757681,1
351,-0.13706197718280833,1.570765540286223,1
352,2.491719668710177,0.9214627643459669,1
353,-0.9555095655814583,0.09587402223205244,-1
354,1.0117099974728914,-1.4675424133856942,1
355,2.1151845580660824,1.9540272537836745,1
356,-0.15809502090452354,2.085981778942618,1
357,0.345904145011686,1.5444903161248782,1
358,-0.7218318926955598,1.6122857188977455,-1
359,1.1270310675053206,0.005585411886002145,1
360,1.0105157822907032,-2.9420084040116974,1
361,-1.048513412147305,1.0582794482620923,-1
362,0.9674733946703558,0.0664334419506789,1
363,-0.9176898890405834,-1.0608114263841042,-1
364,1.6834227222900844,1.9820559930171946,1
365,-1.607877281154229,0.5253505544612391,-1
366,-1.838103266256139,1.700838055212084,-1
367,-0.6557836194694942,0.8147495170463324,-1
368,1.0478537816097435,-1.5972158235211937,1
369,-2.1539586284263814,-1.7607480514259661,-1
370,-1.6219168230825947,-1.8864898447515013,-1
371,0.40589165111254066,0.6236905225262103,1
372,1.0871727853720285,-2.224924565713585,1
373,1.0143966894788499,-0.5093305964977619,1
374,0.9862696698920848,1.3217403309464766,-1
375,0.8750393411681581,-1.0227878194585318,1
376,1.4719400641883325,0.5052635651577728,1
377,0.09440738072162769,1.5429342164694968,-1
378,-0.5665871871474066,-0.31603855355044297,-1
379,1.7266117975807596,2.8655556804664846,1
380,0.9888346061045753,-0.036078756427301184,1
381,1.0500617163471586,-2.784573895209757,1
382,-0.7031468916995203,0.09780636268569332,-1
383,-0.5049137492271791,0.942404955165578,1
384,-0.21563699943336545,0.355107281404481,-1
385,0.9377981146229005,-1.8315337639548641,1
386,1.84648278884409,1.3890900405778013,1
387,1.0586452058916975,-1.3776991206467617,1
388,-1.7129216641922316,1.2337305096542364,-1
389,1.086351013807306,0.34686053752559287,1
390,-0.7584703250563358,0.0057638212906107045,-1
391,-0.14737663415116742,-2.4745443494177564,-1
392,0.4824302869877404,0.9656490506220059,1
393,1.0528214464919128,-1.8279602832181432,1
394,-1.2454016102373542,1.17814602168612,-1
395,-1.4432711065460748,-2.740861675275423,-1
396,-0.40230122255185896,-2.8196277995785266,-1
397,1.047729394859999,-1.589387545533504,1
398,0.8418432401914695,0.5580224139140914,-1
399,-0.04014562180934167,1.5555139912647111,1
400,-2.6339939608817833,1.4608581849540385,-1
401,-0.8099067683630856,1.4118594021408906,-1
402,2.064918329533176,-0.28983537838520124,1
403,1.2926917566481166,0.6484307444005268,-1
404,-1.4012385134259695,0.5675202898291525,-1
405,1.1198194889622113,-2.19761534404614,1
406,0.5448581049889718,2.0527091141014853,-1
407,0.11475078570393582,-0.9811548853080202,-1
408,-0.5753930391107851,-0.8029698167453154,-1
409,-0.4471726303615384,0.6575770005354613,-1
410,3.0585443813062216,0.5151867331285964,1
411,-0.9646499102062576,2.372138939573227,-1
412,1.012015111140434,-2.041440800500378,1
413,-1.3740944253403837,-0.21846055705566858,-1
414,0.915829770713996,0.6101860826917649,1
415,0.8955214031718127,0.09107077523643281,1
416,-1.6007558266033286,0.5105642555197032,-1
417,-2.297177478270098,-1.6449739841521969,-1
418,1.0641749564594625,-2.369568934576863,1
419,-4.378507101246673,-0.4344670540654263,-1
420,1.0081996263148811,-1.5880799856802912,1
421,1.1014088520604284,1.110922827042607,1
422,-1.3000200853659685,-1.2780759260595704,-1
423,0.5409859185846584,0.3494110626917698,1
424,-0.07060892150258902,1.275447293648912,-1
425,0.7711999744075961,1.0325943264844166,1
426,0.9668237207656323,-0.371105922616194,1
427,0.9546566974312516,-0.7017452154395205,1
428,0.27706426279634555,2.455717353543437,1
429,-1.367348325119945,0.01878130740729611,-1
430,-2.094889330232773,2.836767045441192,-1
431,1.0911044590883971,-0.6226196575270544,1
432,0.9064355768197768,-0.284276172844674,1
433,-0.8344474338095638,1.452308409759624,1
434,0.10055770175654044,0.9831788285509125,-1
435,0.9319560734230165,-0.33562562138566887,1
436,0.8746410254712137,1.3954117233968444,1
437,-1.7762048751586954,0.8695328858395104,-1
438,-1.6151740725168071,-2.5576906440651226,-1
439,-0.2512857562364388,1.4411596710754795,1
440,0.5987276406271975,0.7890243753251185,-1
441,-0.6013380033738305,-0.19347206129560912,-1
442,-1.17961789428653,-0.0570370089179586,-1
443,-0.6047588478553259,0.9744956051479733,-1
444,0.23563781197813083,0.2189464155284464,-1
445,-1.415235633481194,2.4082869461247336,-1
446,-1.2979333639215778,0.7203726744450936,-1
447,-2.0559122095584685,1.457163603589526,-1
448,1.0399486465560592,-0.5936762757691485,1
449,1.0138306206499565,-2.154904068281149,1
450,2.5022757491685903,0.10194646892450021,1
451,0.8971789634294635,-0.41982192556619236,1
452,0.9467089108644664,-0.24018343193702274,1
453,0.6516035447386623,0.9333234597144074,-1
454,0.2598833371226701,1.9296143536011934,1
455,1.7011507155325296,-0.04585366961323745,1
456,-0.7991451516645183,-2.1930218307812357,-1
457,-1.782643542877359,1.04426640269823,-1
458,-0.8412304396957583,0.51291962206812,-1
459,-0.5757508166836448,0.7359370067374014,-1
460,-0.8850215920028898,-1.0279698205509642,-1
461,1.0476292728691008,-1.3099506007060053,1
462,1.884300921365198,1.0944152550857755,1
463,-0.473728035255213,-0.775925422082621,-1
464,-3.2602550215917674,1.5293324353677615,-1
465,1.0667948203215285,-1.5947624218409695,1
466,-1.0526341441217468,0.9194491620938614,-1
467,0.3457690699610515,-0.8798073792487497,1
468,-1.691816269500383,0.06279734637153667,-1
469,-1.1312341461794004,-2.416290126395972,-1
470,-0.0354043951950056,-1.614872611217978,-1
471,-1.0077111627985185,-0.6689419448635816,-1
472,1.033489332767923,-0.3575038501237887,1
473,1.2816213028520709,1.045924764018524,-1
474,-1.2069815129979315,0.6373375027573979,-1
475,1.0434737828852603,-0.48644260876853596,1
476,-2.4445359708744765,0.5797543756836623,-1
477,-2.1785447759390717,-1.2658218573276854,-1
478,-2.4552355684560103,-1.7256447966165849,-1
479,1.007553627677096,-0.7846979757716728,1
480,-2.611149119089847,0.9659246849358711,-1
481,-0.08226666279612038,-0.9261173035345543,-1
482,-0.5649880791131809,-1.8916054632174568,-1
483,1.4974499463835589,1.2546712006279237,1
484,-1.3632534332215949,-1.155159711517172,-1
485,0.9759743998587659,-1.5367126228431955,1
486,0.9819961905360424,-1.3152101556918823,1
487,2.886830676477266,1.9495499267078618,1
488,0.991453492372287,-0.0434420257991035,1
489,-0.46899184280987694,-1.3779444857758663,-1
490,1.047353286053957,-2.7765617966036897,1
491,1.166364311868243,1.996563024850453,-1
492,-0.913702995071831,-0.3395894044990957,-1
493,-0.008145860124444293,-1.5656611970430634,-1
494,-1.9316830933616609,-1.3693290854000644,-1
495,-0.08073822325573099,2.375001225507635,-1
496,0.5177792026421177,2.615286453546022,1
497,-0.8568529048319553,-0.5892394712572682,1
498,-1.4342317003692484,1.2265304953027898,-1
499,-1.2318882665568738,-0.6657088294961272,-1
500,-1.5281540250983987,-1.4778439582433056,-1
501,1.0458561090738412,-2.4677829279729746,1
502,-1.4385777981365602,0.8439944831214353,-1
503,-1.8804472388536104,-0.9476169066033904,-1
504,0.9050457130264093,0.21037878078373473,1
505,0.9530254199629371,-0.46620735309643124,1
506,1.018239281591879,-0.8592800755765287,1
507,0.8910463806478657,-0.3152063806440366,-1
508,-2.3919120660027406,1.8670764011477121,-1
509,-2.443368563604522,-1.0903229241397256,-1
510,0.2609836996815126,2.009357977099993,1
511,-1.2472456572487207,-2.06418792872997,-1
512,1.031840444045713,-0.02397992452588138,1
513,-1.4281720317090958,1.0960964166750482,-1
514,-0.07385651126718296,-0.16686558555319664,-1
515,-1.7012960451579069,-0.7453917106693627,-1
516,-1.1659362350065168,2.25197654087352,-1
517,0.9630021661316506,-0.1671018723762432,1
518,-1.2112837909358138,-0.5185596649006565,-1
519,-1.0093839988162923,-1.529774587250851,-1
520,-0.27299168431057674,0.2921715661109281,-1
521,0.988474122845615,-0.006489472308473299,1
522,1.9703163072437344,0.8627357025921727,1
523,-0.7475102964016505,2.029370926827422,-1
524,0.9082180724200671,0.25514086492997246,1
525,-1.66140488320607,0.9599447202799258,-1
526,-0.8982776809076748,-0.20745071466194398,-1
527,1.3975436631461,2.034862203743494,-1
528,0.905290218897837,-0.15824203994319808,1
529,-1.7317210986458687,-1.842114440560995,-1
530,-2.398492518544929,-1.463389362068855,-1
531,-1.1837560676281964,-0.4274485268478029,-1
532,-0.12816103831029402,-0.35068977011283686,-1
533,-0.9309711292396489,0.20892670833408045,-1
534,-0.27109075908900526,1.7873666012713523,-1
535,0.9284795781303908,0.35952759385199284,1
536,1.2005422116333886,0.8501249732378294,1
537,-0.4845133391967611,-1.0476707479525715,-1
538,1.0670292999101079,-1.8643753466151445,1
539,-0.2776063579708109,1.6058722293666925,-1
540,-1.1734609769372095,-2.9503726991459365,-1
541,0.9932254310021609,-0.9603031744042412,1
542,0.9902410441191943,1.5062768355605298,1
543,0.2542432559959631,-0.6856086706961511,1
544,-0.273016656837507,-1.5045567593669893,-1
545,-0.3076011180743069,0.08596714751393508,-1
546,-0.7030462061076646,0.10947063938637824,-1
547,-1.9429933322189816,0.3587208527154988,-1
548,1.0222318628026619,0.4030278439212809,1
549,0.8967728376051616,-0.351416822819166,1
550,-1.369580579821064,-0.9360862893170783,-1
551,0.5191421302910186,1.6824553535120643,-1
552,0.29760173345246677,2.7917769678487154,-1
553,1.0134782968281,1.079500723035417,1
554,-1.1926739716808537,0.8577952221563441,-1
555,0.9650778027039653,-2.0450422076861097,1
556,1.1085557137080657,-2.090902808936412,1
557,-1.3956138474861761,-1.7299647289250666,-1
558,2.315109688323724,2.251811365735991,1
559,0.9627318405483528,-2.113797368639502,1
560,0.838861010781889,1.0561057343041202,1
561,0.33143576475528835,2.572068743024508,-1
562,-0.33973167340424737,-0.20672271658226382,-1
563,0.9969738498850409,0.5989836530716088,1
564,-1.531482446671116,-0.5484848269281073,-1
565,1.0719635100021234,-1.9320744446792508,1
566,0.7692864115639582,2.502029409943315,1
567,0.657480213834365,0.39736137299743934,-1
568,-1.9913436365940647,-0.6937324712057242,-1
569,0.8980839617553337,-0.6932821368694821,1
570,1.2062007448528842,1.4513117601705925,1
571,-1.425272797360466,-3.256984409847882,-1
572,1.1088932574780688,-2.518629285976187,1
573,-1.16575913203953,-1.5354447768953348,-1
574,0.7891157731247155,1.1241808717421091,1
575,0.883351768231145,0.20933902263349902,1
576,1.0400024320110917,-0.1981469010113227,1
577,0.9233219302037103,-1.398037307597797,1
578,1.0346923099669962,-2.0376628937599945,1
579,0.4781186763877885,0.008905287723906863,-1
580,1.1144742769391127,-2.1345503593613415,1
581,-0.7924369011951251,0.3007866724064685,-1
582,1.0366395379298836,-0.567748917506421,1
583,-0.96785629972467,-2.2284831539116947,-1
584,-3.4504752713522446,-0.11705432323898846,-1
585,2.15128507064854,0.5558265285490211,1
586,-1.6603279385130052,-1.0816318850695246,-1
587,-0.2309015751073995,1.9967792435790708,1
588,1.3796992764959413,0.8648663525736633,1
589,-1.4401265150982299,-0.5428876677006733,-1
590,0.9192123874253997,0.7055409294735586,1
591,1.7219760327754026,0.23521686559402077,1
592,-1.846913247614336,2.877223094119307,-1
593,1.2566601622566864,2.202668834243722,1
594,1.0775060274612462,-2.332937393137108,1
595,1.5640388471983577,1.7388574349987516,1
596,-1.5938886797824585,0.5955648059030025,-1
597,0.017705230095070412,-0.4444979727941616,-1
598,0.65686770635705,0.2310943771891375,1
599,1.6222708047125516,0.22675539952408974,1
600,0.9482670728075498,-1.3226291357094655,1
601,0.2587253210217475,1.9547645880070617,1
602,0.9880359073854977,-1.7896241590470936,1
603,-1.1874217136227154,-0.1243616861204514,-1
604,-1.4276084083508211,-0.05217623460430998,-1
605,0.9880694936590227,-0.03769235352143985,1
606,0.3288712182692841,-0.46630426629569977,-1
607,-0.5989935056547793,-0.25702253318222845,-1
608,1.0346205465789873,-2.3012504837629617,1
609,0.4275281105474479,2.116726362087089,1
610,-0.23990811104144194,2.6508587521863687,-1
611,0.9892547041024845,-0.725993590073746,1
612,-0.25727579467429185,0.3639151024279691,1
613,-0.1366974017004814,0.8599281634027355,1
614,-1.8332604449823386,1.6369040733171711,-1
615,-1.446056997021333,0.7549885741423559,-1
616,3.240308521257476,1.046335185978755,-1
617,-0.014823683677339883,-0.35571840556389556,-1
618,0.006909264799894399,1.6406740540126448,1
619,-2.0930039615190297,-1.7071555320672651,1
620,-2.4027090862102725,3.715120604677805,-1
621,-1.9134743839431478,3.1323994432885294,-1
622,1.0672770850511057,0.48752213253089915,1
623,-0.2673483553743097,-1.788496343842247,-1
624,-1.687955778434766,-0.872375072353886,-1
625,1.9404623949434188,1.2876221792942455,1
626,-0.10382510234087872,1.024988533214212,-1
627,1.0635808088191017,0.39372796080243044,1
628,-0.08081447410768827,-1.4542429313287126,-1
629,-1.829456262475282,-1.822695734715063,-1
630,0.8622792722185,1.248848755151833,1
631,-1.5917952032391272,0.4597756879534939,-1
632,-1.0075666467739959,1.5044789413180726,1
633,1.0707356705087119,-0.41775782774158976,1
634,0.9990411150877203,-0.40669786181790113,1
635,-1.767975273703852,-3.1950729088330454,-1
636,-1.490802998031636,1.0438488497495784,-1
637,-0.9833084994642488,0.8222380469432903,-1
638,-1.151550488480259,-1.1583142585309711,-1
639,2.566177199643403,1.0733766150638668,1
640,0.9222626678706904,-1.415650254467431,1
641,-1.800899125954913,1.5480236390904833,-1
642,0.9198367723836518,-0.3301220169070693,1
643,1.0975892790124362,-1.2731654714644787,1
644,0.9777414750461622,-1.262367483029883,1
645,-1.168304540800169,0.12744280298861121,-1
646,0.938864644806804,1.317444736974733,1
647,1.089327555156114,0.6749160977019593,-1
648,-2.3969684682787697,-1.7357386716253198,-1
649,-1.1550388776039036,-0.5406460023851453,-1
650,-0.5157469562704377,2.589736527148777,-1
651,0.9967561650333795,-2.278459427698273,1
652,-0.5412182550639537,-1.3299300691344453,-1
653,0.9732877900635704,0.0932706304413562,1
654,-1.0096967628116669,0.49087555005216776,-1
655,-1.8679258165376857,-0.698249534192592,-1
656,2.3867741424882576,-0.1670363168401181,1
657,-2.0876218028952187,1.288780458452044,-1
658,0.3894299800476414,1.4991590004890494,1
659,0.8692936503156962,-0.12247862190670866,1
660,1.4261007321117225,2.760691591098137,1
661,0.857798542711521,0.289442372310603,1
662,-1.1543652151082466,0.9554723799318878,-1
663,0.013354886645456254,-3.6274187365312662,-1
664,-0.5064621651289933,0.421630500497563,1
665,1.000847075358235,0.02073773109631971,1
666,-0.10284799082026486,-0.22817837792242024,-1
667,0.3504868931195215,1.212501126764651,1
668,0.9205284309967602,0.24709905625114215,1
669,1.0574771477145837,-1.3655139093245472,1
670,0.04091231672653106,0.8679061360928606,-1
671,2.274974831542355,0.8582701120129518,1
672,1.0025569792044702,0.24687042490642597,1
673,0.5586136908080717,-0.4217597831908413,-1
674,-1.6907691303085173,1.9016155817990157,-1
675,-0.82552362765386,-1.6891098538555758,-1
676,-1.2473204479389355,-0.8613815405384112,-1
677,-0.42393581156516436,0.8218638276946002,1
678,-1.192464821760026,0.8604832969674332,-1
679,-1.236318528629563,-0.6206801867182227,-1
680,0.012576373802624552,0.46152452731170435,-1
681,1.2098115496198627,-0.8782968488793756,1
682,0.3945682352589662,1.084029491827646,1
683,1.0027007221347946,-0.6724372005406541,1
684,1.0692463301545265,-1.8886391622713459,1
685,1.40206478419775,1.9948543545091844,1
686,0.9970592841332184,0.24444066473937132,1
687,0.6770778733661912,2.0500155127613846,1
688,0.540495303184495,-1.6281752379494736,-1
689,1.073410913634772,1.4706455589602963,1
690,1.0128833467731708,-0.20715852432863757,1
691,-0.355663249083377,0.9798237167229515,-1
692,0.06995703286394694,-0.264898900483183,-1
693,-2.1064017077923722,2.432114525159439,-1
694,-0.9296457639065283,0.025089717105460707,-1
695,1.147445387310363,1.8166124485194477,1
696,1.0505139027609545,-1.2152411182990797,1
697,-0.11094739132512577,0.008018844105917244,-1
698,-0.7520621736124762,-1.3870557937001862,-1
699,0.2239365763956641,1.512197014662172,1
700,-1.0439376760637191,1.0774194716811096,-1
701,-1.1274183456966658,0.22578310454725803,-1
702,1.0547283177591278,-2.095493257917028,1
703,1.4899287945217479,1.1796100337569997,1
704,1.034081220417755,-1.7359515599407151,1
705,2.467249863884456,0.06747465835465527,1
706,1.0518745426801555,-0.7924167071955964,1
707,1.191261693099463,2.474576736999686,1
708,2.0450524502964456,1.4635990032801398,1
709,0.9578102899308476,-1.3879286116474843,1
710,2.323465336394298,1.9574305927167015,1
711,1.8295914665838997,1.8794974986404749,1
712,-0.014962661681052314,0.889955244303512,1
713,-0.8898144241987725,-2.0601016443546687,-1
714,1.054518516097572,-0.5866042431684402,1
715,0.1256255551324219,-0.5761384870816475,-1
716,-0.3305447923951711,0.823657361990713,-1
717,0.256971817393288,-0.7994481679217117,-1
718,-1.1487490934465345,-1.610022963894489,-1
719,-1.0902621106949801,0.9552016593130253,-1
720,1.2610407522850222,1.448621913784244,1
721,-0.028650666740985153,0.6654381441889878,1
722,-0.6114736939948187,0.4019202277141498,-1
723,-1.1309250093240661,-1.1386105673478957,-1
724,-1.3301337681240095,-1.2171574281836448,-1
725,-2.0816992471144777,-1.1339813784614752,-1
726,1.0213167119023745,1.8263445118622463,1
727,0.9688412160719504,0.5219334743338737,1
728,0.977309634120828,-1.4231194676060122,1
729,1.0265156552239507,0.2539669197880563,1
730,-1.1895464883077222,1.3864321561313209,-1
731,-1.4160082147270223,-1.2898416990769732,-1
732,-0.9984095241545176,-1.1478110567635331,-1
733,-0.5069302866237189,-0.20663152962636733,-1
734,1.4098004312524748,0.4862894626528559,1
735,2.2201337859336157,0.18252073439076022,1
736,-0.35835577152034803,1.842127241956669,-1
737,-0.46425089852727697,-1.1407166575778378,-1
738,-0.01896633194812014,-0.4324866713477875,-1
739,-1.6293761995457188,-0.5069031302502669,-1
740,0.9925526085836718,-0.9131508444996495,1
741,-0.7236879945353913,0.25858420103537916,1
742,0.9693740757534182,0.16740090317005918,1
743,-0.8072613138662953,-0.05978191052582549,-1
744,1.0402931434489147,-0.8868766345483333,1
745,-0.8689320327943171,1.1403380267234047,1
746,0.11996938528260781,2.073018397724518,-1
747,-0.8816615343746974,1.8510872536302283,-1
748,-0.18238376940742607,1.4669283251188925,-1
749,-1.4631136081296676,-2.7731854479063154,-1
750,-0.7738105878758935,-0.7051781853959247,-1
751,1.0254437155767262,-2.885293369818359,1
752,-0.6915534451623511,-1.0742335757884074,-1
753,0.9971540294327532,0.9363702384581474,1
754,-1.2665880653476291,-0.6112915377169011,-1
755,0.8881309724872819,0.03845720415526688,1
756,-0.34173671374456627,1.942495594238411,-1
757,1.1147092612442155,-3.071734674938319,1
758,-1.1822319278585804,-0.3263343496762543,-1
759,-1.4415447224275546,-2.707538156182621,-1
760,1.9526623587159477,2.193286915877036,1
761,0.5361728474963521,0.045035044668815916,-1
762,-2.023241662248763,0.42658056487268003,-1
763,-0.45168972026451026,-1.1184937035874425,-1
764,0.9704263328707278,-2.433410714416599,1
765,1.1202845888935486,-2.409788914993972,1
766,0.9293160795700736,0.8148914892946746,1
767,1.0287950257924896,-0.5635522946279692,1
768,-0.815507931625728,-0.8015628697796702,-1
769,1.0316104590288462,-1.4266024037983356,1
770,1.0302799533010891,-0.8301939831577271,1
771,-1.3861870273321122,-0.1077881754823683,-1
772,1.03798858920378,-1.690251041860202,1
773,0.42945815359332773,2.3410248058436443,-1
774,0.7169882277210566,-0.6134072489340774,-1
775,-1.7743261377182615,0.45365683133155965,1
776,-1.2058089693578495,1.6496479756421825,-1
777,1.6840821681407898,-0.6329544868610106,1
778,-0.7842832857283825,-1.9022284830589942,-1
779,-0.3133326380343039,0.4435737788871924,-1
780,-1.2800718200250154,-1.3400289175461348,-1
781,-1.560586712583808,1.4403518301064562,-1
782,1.7040386716622162,1.664846384108142,1
783,1.075206574270984,-1.4828883428027764,1
784,-2.3716990187218707,0.18932989414569712,-1
785,1.6116035308698957,1.7988511763259363,1
786,1.3670025724315176,-0.2970390102055205,1
787,-0.4755312742923852,-0.850903734522015,-1
788,0.07781189173168457,0.6585399285629765,-1
789,-0.000468615141296147,1.3213402672764945,-1
790,-0.786988524074191,0.23594978045201564,-1
791,1.0461495718681804,-2.3880572997299887,1
792,-2.143533866930534,0.22305906860010283,-1
793,1.0104457141938756,-1.5800551706194557,1
794,2.620354177999821,1.4364539912271235,1
795,1.661183376438549,0.4500166548436835,-1
796,1.144978652000137,-2.2320042557044886,1
797,-1.075598363515922,-0.10076547964720306,1
798,2.8062846955940453,1.0408775998320174,1
799,-1.535443162237279,-0.43542180855246126,-1
800,1.3248976633996778,0.4807045790759472,1
801,0.9713066008141507,-1.5324385693546354,1
802,1.2931232342056678,1.0644467919646174,1
803,-2.668400393282312,1.0204586250929426,-1
804,0.889827087048391,0.16578844947757343,1
805,-2.9825460955234577,-2.6655046437201797,-1
806,-1.0600160945798336,-0.8323032739219808,-1
807,0.9693433074764212,-1.6322285979704927,1
808,1.0038022836328742,-2.3605995512126654,1
809,0.11826824529027502,-0.9005494002456156,-1
810,-0.5751559126832113,-3.2808757049307826,-1
811,0.6331948751309375,0.2540564884563017,-1
812,0.7776303651491929,0.6319050091211731,1
813,1.0091354307514389,-0.725649337563866,1
814,-1.150976691569341,-1.377173312396023,-1
815,1.0695056121617594,-0.12764031761312156,1
816,1.4899671001379309,0.9980798159533668,1
817,-1.472934770119288,1.8024559169479835,-1
818,1.0962791974845283,-2.1447329176535694,1
819,1.0463449401708478,0.6897323654360417,1
820,0.9656196138948838,-0.03915558709787326,1
821,-0.2209146822567717,0.46304515914910227,-1
822,1.7646769117886583,0.8744020786389062,1
823,0.9464805665031361,-0.46879244480203175,1
824,2.8036972120168606,0.21062385044487708,1
825,0.99292039153537,-1.5592978636126504,1
826,-1.302835868423508,1.1253558875925358,-1
827,1.056818516255746,-0.7494349091719469,1
828,0.6700344978051942,1.9492430350009704,-1
829,1.0370385075786293,-1.498909018556335,1
830,-1.018899167143272,1.9843467665243741,-1
831,-1.6962317522922583,0.2780738034091226,-1
832,0.9817584360862853,0.017133372772481392,1
833,-1.8647376636352493,0.5850476662808415,-1
834,1.4774703202608124,2.726697963472067,1
835,-0.5039636540508388,-0.11195209904068104,-1
836,-1.6571174963504438,0.2976324499662535,-1
837,2.4252246577308165,-1.2958142131496788,1
838,-1.1715832864573226,0.5285205488735374,-1
839,0.3349867082730502,2.2550828412461046,1
840,0.9577758016663611,1.1598408963079672,1
841,2.0142595461054693,1.105873373023648,1
842,-0.24253892528415988,0.08393709970168639,1
843,1.0650367059692618,-0.7722262821725623,1
844,-0.7784370566042649,-0.49970117964327543,-1
845,1.0963617288227807,-1.7548407464599818,1
846,0.05692257783784227,-0.9960402592213728,1
847,-1.9447489486432028,-0.9092332092743252,-1
848,-0.5297065154468794,1.6996332147840145,1
849,3.1098662717827126,0.7227288758207874,1
850,-0.7980310067582386,0.44601767698231665,-1
851,2.2115491587022142,1.3559255127255567,1
852,0.940628465066798,-1.2755792731326476,1
853,-2.882157940284414,-0.9597898772885508,-1
854,1.0437823596086497,-1.3371611263582874,1
855,1.1309310087265516,2.127800013028714,1
856,-0.5184437296821203,-1.322947683026722,-1
857,0.9334859620369699,-1.7832602648834173,1
858,0.6643020942168567,1.3393581875275542,1
859,-1.3491308160770155,-0.6931252402509975,-1
860,-1.6064584503047346,0.4012117238151631,-1
861,-1.4725975234752096,1.4108616770375648,-1
862,0.0411623483780541,2.032166888440085,-1
863,0.986579951853438,-1.0097138713703542,1
864,-1.233865189015333,-0.40245666618060594,-1
865,-0.06784318622411645,3.2824848676385896,-1
866,-1.0111337924075439,1.7822591060339432,-1
867,0.21314264996788923,-0.9183820014071692,-1
868,1.0225603930372158,-1.4089894722216696,1
869,-1.9427430944620816,1.004483053645065,-1
870,0.87406572127573,0.6149738308824444,1
871,-1.9149797937725346,0.4673259861293091,-1
872,-0.2543588213544328,1.7793923479903717,-1
873,-1.8779274446204965,-1.9887073493666994,-1
874,1.0092658620418549,-1.2411025562380704,1
875,0.47622827953928604,2.1723969577239863,-1
876,0.5774791398950343,-0.350278440793103,-1
877,-0.77721767894888,0.5969023594833291,1
878,0.40647501837076283,1.4888767266953833,-1
879,-2.832730723161978,1.6221110792313678,-1
880,2.236796700348074,0.8034257362328672,1
881,1.0002415812173113,-0.6032689692422175,1
882,-1.8694776525577053,-0.23592651369146167,-1
883,1.0500448603923074,0.5559024477843858,-1
884,0.9210474785733664,-0.22023128039793438,1
885,0.974743724338199,-0.5678608889249075,1
886,0.29504014649215515,1.0573037043841358,1
887,1.6721605859196487,0.06817760850899668,1
888,0.18903545978851488,0.6866676538473625,1
889,-0.9724991603093656,0.5613023317974142,-1
890,-1.474904023414445,3.136922911523273,-1
891,-2.1088304239964533,1.6614173171296764,-1
892,-0.47379176586159444,-0.17015954187014404,-1
893,-0.6252970521500618,0.8989326871445963,-1
894,0.6609322782412193,1.2553726535274359,-1
895,2.3283729420100627,0.8992176852837126,1
896,-1.0436046022140772,-0.3398050914635987,-1
897,1.026378277704281,-0.9786478958624613,1
898,1.0214556231254244,-1.54576547215756,1
899,0.8372140219852149,0.992199956474785,1
900,0.9382850572877284,-3.0354085295819577,1
901,-2.488419184200516,-1.9714327305985342,-1
902,0.935892421565369,0.36466828019376574,1
903,0.25693914786821415,0.37485977678213966,-1
904,-1.799343481220581,2.511711391314678,-1
905,1.0543950648706448,-1.564389444956114,1
906,0.11273516121570926,2.1453736553375986,1
907,-1.2287085805950113,0.34679130234009414,-1
908,-1.0569214536227924,-1.739646710698234,-1
909,-0.8217799635201197,1.139766865713217,-1
910,-2.227223743394884,1.7525644894221284,-1
911,0.48195693506081605,1.1485568964269446,1
912,1.7195403846577775,0.5240894843810977,1
913,-0.38494447402112464,1.2235845935909633,-1
914,0.5723223408277646,2.079378201524208,1
915,0.9099926246674264,0.01903190566935531,1
916,-0.8378922546313379,-0.032574812287539334,-1
917,-0.6108666782654553,-1.3934614472835218,-1
918,-0.2802244539865344,-0.2199871193348999,-1
919,0.4748732239182085,3.047651811819248,-1
920,-0.10893785174156856,0.12165309234691568,-1
921,-1.4355323097394275,-3.0809149432504004,-1
922,-0.2734409340848414,-0.4392997494013158,-1
923,3.7408687770018134,0.20540365313401843,1
924,-1.0969328681272916,-0.9574276406989289,-1
925,0.6927585940712112,0.3994742314812113,1
926,0.999805534275105,-1.2502182029856266,1
927,-0.5972874709291385,-0.16099945230359347,-1
928,2.892960182879718,1.4105470729506413,1
929,1.0030164296123119,-0.8557512363592455,1
930,2.4288382745819224,2.596721380211985,1
931,0.9990767677545844,-0.45856985339628686,1
932,1.8118025629666215,1.292914828604146,1
933,-0.8838903333468418,-0.2760974383272483,-1
934,-0.9109198190656523,0.040753275312709336,-1
935,1.0057721539530717,-0.684972247723308,1
936,-0.3084036004503877,1.5833462608140971,-1
937,-1.1019297258316263,0.7461354336795303,-1
938,1.0440665133620524,-1.5170447574031836,1
939,-0.2252844771077498,0.9519621876177353,-1
940,1.8816731813489742,1.2006195254282912,1
941,0.9551405290998769,1.5720953992581563,-1
942,0.941105782329856,0.004068369612750589,1
943,0.1589491700233886,0.4837605573428321,1
944,0.9946214966985031,-0.8869987935667132,1
945,-0.3476002095323404,-0.9398488533536876,-1
946,-1.3437124800690936,-0.7887953815015989,-1
947,0.9551600852361626,0.5799299937070956,1
948,-1.2663441574472543,-1.4150044095836578,-1
949,1.45974776723123,1.1164256260813323,1
950,-0.9758164151038431,0.7040058915270547,-1
951,-0.11144989941464956,-0.2140259350778677,-1
952,0.9651327350114745,0.08099299559192619,1
953,0.9703034566976505,-3.592046761325989,1
954,1.3128714525224425,0.20691990552509354,1
955,-1.0713682020854245,0.3671700793382633,-1
956,-0.6237378122484073,1.8664762614179078,-1
957,0.9663965281737332,-0.7224534454618239,1
958,-2.084478067909072,-1.5563991001925834,-1
959,0.9405051176039423,-1.3876131363565973,1
960,-0.46018203290054527,-0.17117964938319308,-1
961,1.074152474153095,1.2362448978988545,1
962,-2.979029711975273,2.0299467561149087,-1
963,0.41421158519435797,1.7253508762283636,1
964,-1.6580393848037565,-0.6887557193107703,-1
965,0.5333686394021766,0.4063741544989421,-1
966,-1.7649081777807596,0.12667442157578024,-1
967,-0.9976675394486416,-0.3085130189238159,-1
968,1.0139622774975918,-0.8609635384175082,1
969,0.21695769407954446,1.9526237710708556,1
970,0.970588501693291,-0.18546822645626415,1
971,1.722144341927489,-0.8802602198714109,1
972,-1.018277852925968,-1.1215504938962224,-1
973,-0.4708526516728828,-2.0295895888453908,-1
974,0.5351938568124661,-0.5661546753157083,-1
975,0.9981664508686897,-1.5050153017494012,1
976,-2.422431257942348,0.829287855346631,-1
977,-2.293667349758027,1.5187852028119293,-1
978,-0.8175758436538391,0.944310308871766,-1
979,1.1409805923269754,-2.704488113304401,1
980,-1.4946747088573298,1.0389515099902218,-1
981,-0.8706046772542535,0.3095714345161542,1
982,0.9885289548142228,-0.118992197530017,1
983,1.0331839699974643,0.058342711751161014,1
984,3.636817661220174,1.7130400575858518,1
985,1.046630103091247,0.8696091595558574,-1
986,1.8285287549149318,0.7013828614114966,1
987,-1.1008016521297652,-1.0819183701561186,-1
988,-0.6363820920797061,-1.7497295921470464,-1
989,-1.5060941804271706,0.3413669349956415,-1
990,-0.8115161364976865,1.5776689070271248,-1
991,1.0731998760943726,-2.386293155103049,1
992,0.9210402894413161,-0.2631217274015467,1
993,0.005933049968801063,1.815755604970735,-1
994,-2.434200976591438,2.7412241464364877,-1
995,-3.086687534977899,-0.8990652267807839,-1
996,-0.9699624886242183,-0.7245592353035708,-1
997,-1.1853169541359636,-1.669300659094619,-1
998,-1.6606433139760086,1.7549377283606007,-1
999,-0.1786731877472535,0.5185294955402517,-1
